"component","polarity","window_start_ms","window_end_ms","channel","channel_label","amplitude","latency_ms","peak_sample","boundary_peak"
"N15","negative",10,20,1,"FP1",-2.64556571679129,18,269,FALSE
"N15","negative",10,20,2,"FP2",-1.8747216727366,10,261,TRUE
"N15","negative",10,20,3,"F3",-2.92779956300543,20,271,TRUE
"N15","negative",10,20,4,"F4",-0.787201431552806,16,267,FALSE
"N15","negative",10,20,5,"C4",-3.01931619096016,11,262,FALSE
"N15","negative",10,20,6,"P3",-1.25719742022185,17,268,FALSE
"N15","negative",10,20,7,"P4",-3.08669722226057,16,267,FALSE
"N15","negative",10,20,8,"O1",-0.0849532997994189,15,266,FALSE
"N15","negative",10,20,9,"O2",-3.1498119597344,15,266,FALSE
"N15","negative",10,20,10,"F7",-1.2488261953189,11,262,FALSE
"N15","negative",10,20,11,"F8",-3.40245056909415,17,268,FALSE
"N15","negative",10,20,12,"T7",-2.88596673727884,13,264,FALSE
"N15","negative",10,20,13,"T8",-1.09965243435532,14,265,FALSE
"N15","negative",10,20,14,"P7",-1.55248640175547,14,265,FALSE
"N15","negative",10,20,15,"P8",0.58303285801672,16,267,FALSE
"N15","negative",10,20,16,"Fz",-1.62773072530734,18,269,FALSE
"N15","negative",10,20,17,"Cz",-1.90595504158308,12,263,FALSE
"N15","negative",10,20,18,"Pz",-1.36010032670383,20,271,TRUE
"N15","negative",10,20,19,"Iz",-0.519920422494761,16,267,FALSE
"N15","negative",10,20,20,"FC1",-0.937280167178424,18,269,FALSE
"N15","negative",10,20,21,"FC2",-0.359947427900924,20,271,TRUE
"N15","negative",10,20,22,"CP2",-0.0974062106526492,12,263,FALSE
"N15","negative",10,20,23,"FC5",-1.72110661684146,16,267,FALSE
"N15","negative",10,20,24,"FC6",-2.27210445912314,12,263,FALSE
"N15","negative",10,20,25,"CP5",-1.11224212047373,19,270,FALSE
"N15","negative",10,20,26,"CP6",-1.6390764310094,10,261,TRUE
"N15","negative",10,20,27,"TP9",-0.794669263144067,10,261,TRUE
"N15","negative",10,20,28,"TP10",-0.198144424962208,20,271,TRUE
"N15","negative",10,20,29,"F1",-1.9907724049186,12,263,FALSE
"N15","negative",10,20,30,"F2",-1.60662257458112,19,270,FALSE
"N15","negative",10,20,31,"C2",-0.669210515074598,10,261,TRUE
"N15","negative",10,20,32,"P1",0.481752903187704,19,270,FALSE
"N15","negative",10,20,33,"P2",-2.48373216982759,15,266,FALSE
"N15","negative",10,20,34,"AF3",-0.376680879996274,13,264,FALSE
"N15","negative",10,20,35,"AF4",1.55969740415806,17,268,FALSE
"N15","negative",10,20,36,"FC3",1.64730786720263,16,267,FALSE
"N15","negative",10,20,37,"FC4",-0.948661593074786,16,267,FALSE
"N15","negative",10,20,38,"CP3",-0.562628443704699,15,266,FALSE
"N15","negative",10,20,39,"CP4",0.620437510529284,13,264,FALSE
"N15","negative",10,20,40,"PO3",-0.964128599982381,17,268,FALSE
"N15","negative",10,20,41,"PO4",-1.68822813598437,13,264,FALSE
"N15","negative",10,20,42,"F5",-1.68605696816432,10,261,TRUE
"N15","negative",10,20,43,"F6",-1.74991606161567,12,263,FALSE
"N15","negative",10,20,44,"C5",-1.00063205521325,12,263,FALSE
"N15","negative",10,20,45,"C6",-1.22175775878286,19,270,FALSE
"N15","negative",10,20,46,"P5",-1.47621248244818,15,266,FALSE
"N15","negative",10,20,47,"P6",-3.16775329936741,20,271,TRUE
"N15","negative",10,20,48,"AF7",-1.37869792910752,20,271,TRUE
"N15","negative",10,20,49,"AF8",-2.19786548754061,16,267,FALSE
"N15","negative",10,20,50,"FT7",-1.40327041591523,20,271,TRUE
"N15","negative",10,20,51,"FT8",-0.991994378061147,14,265,FALSE
"N15","negative",10,20,52,"TP7",0.448020764426109,12,263,FALSE
"N15","negative",10,20,53,"TP8",-3.69722308749819,18,269,FALSE
"N15","negative",10,20,54,"PO7",-2.50822743718292,17,268,FALSE
"N15","negative",10,20,55,"PO8",-1.33025215669597,14,265,FALSE
"N15","negative",10,20,56,"Fpz",-0.629320239746488,20,271,TRUE
"N15","negative",10,20,57,"CPz",0.279662437265267,18,269,FALSE
"N15","negative",10,20,58,"POz",-1.1546951464484,12,263,FALSE
"N15","negative",10,20,59,"Oz",-0.901421223697465,11,262,FALSE
"P30","positive",20,40,1,"FP1",0.956558932904757,20,271,TRUE
"P30","positive",20,40,2,"FP2",2.87191282137931,30,281,FALSE
"P30","positive",20,40,3,"F3",1.13596535935887,37,288,FALSE
"P30","positive",20,40,4,"F4",1.8475067003218,28,279,FALSE
"P30","positive",20,40,5,"C4",0.794180165795336,30,281,FALSE
"P30","positive",20,40,6,"P3",1.31531234886767,37,288,FALSE
"P30","positive",20,40,7,"P4",0.803256067119107,32,283,FALSE
"P30","positive",20,40,8,"O1",3.10383589262629,25,276,FALSE
"P30","positive",20,40,9,"O2",0.648771383263577,32,283,FALSE
"P30","positive",20,40,10,"F7",2.58682331633534,26,277,FALSE
"P30","positive",20,40,11,"F8",-0.680557330519886,34,285,FALSE
"P30","positive",20,40,12,"T7",2.00762975180022,37,288,FALSE
"P30","positive",20,40,13,"T8",0.783961050581139,27,278,FALSE
"P30","positive",20,40,14,"P7",1.24354745692936,36,287,FALSE
"P30","positive",20,40,15,"P8",3.74052409499152,29,280,FALSE
"P30","positive",20,40,16,"Fz",1.11647360057972,22,273,FALSE
"P30","positive",20,40,17,"Cz",1.38493723826041,34,285,FALSE
"P30","positive",20,40,18,"Pz",2.12587577447795,21,272,FALSE
"P30","positive",20,40,19,"Iz",4.00183464699949,28,279,FALSE
"P30","positive",20,40,20,"FC1",1.3585757300644,39,290,FALSE
"P30","positive",20,40,21,"FC2",1.8782158553056,21,272,FALSE
"P30","positive",20,40,22,"CP2",4.28112419452353,31,282,FALSE
"P30","positive",20,40,23,"FC5",1.67305236534605,38,289,FALSE
"P30","positive",20,40,24,"FC6",0.765190363106558,33,284,FALSE
"P30","positive",20,40,25,"CP5",2.02325991285925,26,277,FALSE
"P30","positive",20,40,26,"CP6",2.42304985159315,38,289,FALSE
"P30","positive",20,40,27,"TP9",1.81416627828804,27,278,FALSE
"P30","positive",20,40,28,"TP10",1.81961170369664,24,275,FALSE
"P30","positive",20,40,29,"F1",1.2455085054293,39,290,FALSE
"P30","positive",20,40,30,"F2",1.40482799087623,28,279,FALSE
"P30","positive",20,40,31,"C2",3.80369419505555,37,288,FALSE
"P30","positive",20,40,32,"P1",3.76318449579123,30,281,FALSE
"P30","positive",20,40,33,"P2",0.595176629532917,33,284,FALSE
"P30","positive",20,40,34,"AF3",2.01121265162423,30,281,FALSE
"P30","positive",20,40,35,"AF4",4.82820777764116,27,278,FALSE
"P30","positive",20,40,36,"FC3",4.75865234356966,32,283,FALSE
"P30","positive",20,40,37,"FC4",1.82080010560633,38,289,FALSE
"P30","positive",20,40,38,"CP3",2.28348497185443,22,273,FALSE
"P30","positive",20,40,39,"CP4",3.8537522265505,32,283,FALSE
"P30","positive",20,40,40,"PO3",1.92757720773203,34,285,FALSE
"P30","positive",20,40,41,"PO4",1.45470182757205,20,271,TRUE
"P30","positive",20,40,42,"F5",3.06812247947045,27,278,FALSE
"P30","positive",20,40,43,"F6",3.41790225629436,24,275,FALSE
"P30","positive",20,40,44,"C5",1.99254450081766,29,280,FALSE
"P30","positive",20,40,45,"C6",1.57340135651176,33,284,FALSE
"P30","positive",20,40,46,"P5",1.55277456517442,39,290,FALSE
"P30","positive",20,40,47,"P6",-0.625419734435261,39,290,FALSE
"P30","positive",20,40,48,"AF7",2.92595679464601,38,289,FALSE
"P30","positive",20,40,49,"AF8",1.38497485589996,31,282,FALSE
"P30","positive",20,40,50,"FT7",2.14337455634954,29,280,FALSE
"P30","positive",20,40,51,"FT8",1.10002337789431,28,279,FALSE
"P30","positive",20,40,52,"TP7",3.9933385235426,25,276,FALSE
"P30","positive",20,40,53,"TP8",0.208869293780486,32,283,FALSE
"P30","positive",20,40,54,"PO7",1.33804717485392,40,291,TRUE
"P30","positive",20,40,55,"PO8",2.25235474342729,26,277,FALSE
"P30","positive",20,40,56,"Fpz",1.72909356179755,33,284,FALSE
"P30","positive",20,40,57,"CPz",2.37468514000391,28,279,FALSE
"P30","positive",20,40,58,"POz",0.811668194466625,35,286,FALSE
"P30","positive",20,40,59,"Oz",2.37388024109239,40,291,TRUE
"N45","negative",35,55,1,"FP1",-2.34034598547284,54,305,FALSE
"N45","negative",35,55,2,"FP2",-0.258551671632128,38,289,FALSE
"N45","negative",35,55,3,"F3",-3.11746932812146,52,303,FALSE
"N45","negative",35,55,4,"F4",-0.537412759516625,35,286,TRUE
"N45","negative",35,55,5,"C4",-4.06673123486119,41,292,FALSE
"N45","negative",35,55,6,"P3",-2.97355699121993,43,294,FALSE
"N45","negative",35,55,7,"P4",-3.61932114642653,45,296,FALSE
"N45","negative",35,55,8,"O1",-0.700437703717606,38,289,FALSE
"N45","negative",35,55,9,"O2",-5.51710559310599,50,301,FALSE
"N45","negative",35,55,10,"F7",-0.222940610573345,54,305,FALSE
"N45","negative",35,55,11,"F8",-4.13797028255555,40,291,FALSE
"N45","negative",35,55,12,"T7",-1.59613443423911,52,303,FALSE
"N45","negative",35,55,13,"T8",-1.42071927072237,38,289,FALSE
"N45","negative",35,55,14,"P7",-1.48521692004624,50,301,FALSE
"N45","negative",35,55,15,"P8",-3.32341704601533,42,293,FALSE
"N45","negative",35,55,16,"Fz",-2.08571045303005,43,294,FALSE
"N45","negative",35,55,17,"Cz",-2.615816469162,48,299,FALSE
"N45","negative",35,55,18,"Pz",-1.36136910472808,39,290,FALSE
"N45","negative",35,55,19,"Iz",0.858356334246345,35,286,TRUE
"N45","negative",35,55,20,"FC1",-1.46322892599912,48,299,FALSE
"N45","negative",35,55,21,"FC2",-1.20067530245065,49,300,FALSE
"N45","negative",35,55,22,"CP2",-1.18837460378971,42,293,FALSE
"N45","negative",35,55,23,"FC5",-1.90581755882671,51,302,FALSE
"N45","negative",35,55,24,"FC6",-3.28002052992341,38,289,FALSE
"N45","negative",35,55,25,"CP5",-1.80254991082514,44,295,FALSE
"N45","negative",35,55,26,"CP6",-2.54863123306456,51,302,FALSE
"N45","negative",35,55,27,"TP9",-0.841921158984036,51,302,FALSE
"N45","negative",35,55,28,"TP10",-1.99214598939228,45,296,FALSE
"N45","negative",35,55,29,"F1",-1.20892569772852,50,301,FALSE
"N45","negative",35,55,30,"F2",-2.51861458680621,35,286,TRUE
"N45","negative",35,55,31,"C2",-1.18280277133874,48,299,FALSE
"N45","negative",35,55,32,"P1",-2.58927575148698,38,289,FALSE
"N45","negative",35,55,33,"P2",-4.28764075553494,53,304,FALSE
"N45","negative",35,55,34,"AF3",-1.18947786828484,48,299,FALSE
"N45","negative",35,55,35,"AF4",0.733815935752732,48,299,FALSE
"N45","negative",35,55,36,"FC3",1.63334931777762,47,298,FALSE
"N45","negative",35,55,37,"FC4",-0.315104176874149,42,293,FALSE
"N45","negative",35,55,38,"CP3",-1.92328945404952,52,303,FALSE
"N45","negative",35,55,39,"CP4",-0.317889837752657,45,296,FALSE
"N45","negative",35,55,40,"PO3",-2.00103257234734,45,296,FALSE
"N45","negative",35,55,41,"PO4",-2.28248397647712,55,306,TRUE
"N45","negative",35,55,42,"F5",-1.59164905631728,45,296,FALSE
"N45","negative",35,55,43,"F6",0.00564396693733575,53,304,FALSE
"N45","negative",35,55,44,"C5",-0.690229838301934,44,295,FALSE
"N45","negative",35,55,45,"C6",-1.64529549727992,51,302,FALSE
"N45","negative",35,55,46,"P5",-1.60340565924538,38,289,FALSE
"N45","negative",35,55,47,"P6",-4.85393800627885,41,292,FALSE
"N45","negative",35,55,48,"AF7",-0.905549842055513,44,295,FALSE
"N45","negative",35,55,49,"AF8",-3.64363879532104,35,286,TRUE
"N45","negative",35,55,50,"FT7",-2.42870589898594,43,294,FALSE
"N45","negative",35,55,51,"FT8",-3.06278296524391,55,306,TRUE
"N45","negative",35,55,52,"TP7",0.0841913355248344,39,290,FALSE
"N45","negative",35,55,53,"TP8",-2.53017276602352,49,300,FALSE
"N45","negative",35,55,54,"PO7",-2.04986140706356,46,297,FALSE
"N45","negative",35,55,55,"PO8",-1.56503782798908,42,293,FALSE
"N45","negative",35,55,56,"Fpz",-1.51176467484066,46,297,FALSE
"N45","negative",35,55,57,"CPz",-3.08264540873453,46,297,FALSE
"N45","negative",35,55,58,"POz",-2.34844418885011,40,291,FALSE
"N45","negative",35,55,59,"Oz",-1.62319618653372,53,304,FALSE
"P60","positive",50,75,1,"FP1",0.325183896339171,71,322,FALSE
"P60","positive",50,75,2,"FP2",2.63000179250737,52,303,FALSE
"P60","positive",50,75,3,"F3",0.219839773996555,71,322,FALSE
"P60","positive",50,75,4,"F4",3.12260928808626,66,317,FALSE
"P60","positive",50,75,5,"C4",-0.820954178690563,68,319,FALSE
"P60","positive",50,75,6,"P3",2.99162272762777,75,326,TRUE
"P60","positive",50,75,7,"P4",0.643823452823597,71,322,FALSE
"P60","positive",50,75,8,"O1",2.74004992784177,74,325,FALSE
"P60","positive",50,75,9,"O2",-1.97514555655007,75,326,TRUE
"P60","positive",50,75,10,"F7",2.33693248310993,59,310,FALSE
"P60","positive",50,75,11,"F8",-0.907070441862872,70,321,FALSE
"P60","positive",50,75,12,"T7",2.08406718381142,73,324,FALSE
"P60","positive",50,75,13,"T8",1.02280038140337,68,319,FALSE
"P60","positive",50,75,14,"P7",2.54530674633311,72,323,FALSE
"P60","positive",50,75,15,"P8",0.448794986759752,74,325,FALSE
"P60","positive",50,75,16,"Fz",0.700446212603073,53,304,FALSE
"P60","positive",50,75,17,"Cz",0.786685005813142,57,308,FALSE
"P60","positive",50,75,18,"Pz",1.19619838422043,56,307,FALSE
"P60","positive",50,75,19,"Iz",5.25679077375893,63,314,FALSE
"P60","positive",50,75,20,"FC1",1.59358403446912,60,311,FALSE
"P60","positive",50,75,21,"FC2",2.14590132934167,64,315,FALSE
"P60","positive",50,75,22,"CP2",2.66167987997178,56,307,FALSE
"P60","positive",50,75,23,"FC5",2.91606963443338,53,304,FALSE
"P60","positive",50,75,24,"FC6",0.562219320848514,74,325,FALSE
"P60","positive",50,75,25,"CP5",2.50229501332427,75,326,TRUE
"P60","positive",50,75,26,"CP6",-0.109313314172849,66,317,FALSE
"P60","positive",50,75,27,"TP9",2.86368663904098,58,309,FALSE
"P60","positive",50,75,28,"TP10",0.495618838027413,67,318,FALSE
"P60","positive",50,75,29,"F1",1.35056983602591,63,314,FALSE
"P60","positive",50,75,30,"F2",0.625207802649924,56,307,FALSE
"P60","positive",50,75,31,"C2",2.85162167996524,56,307,FALSE
"P60","positive",50,75,32,"P1",1.81202704824451,69,320,FALSE
"P60","positive",50,75,33,"P2",-0.769573058782289,74,325,FALSE
"P60","positive",50,75,34,"AF3",1.47525802788034,56,307,FALSE
"P60","positive",50,75,35,"AF4",3.63571333814605,63,314,FALSE
"P60","positive",50,75,36,"FC3",5.89432631682577,64,315,FALSE
"P60","positive",50,75,37,"FC4",1.26882478080671,51,302,FALSE
"P60","positive",50,75,38,"CP3",0.893561424348102,56,307,FALSE
"P60","positive",50,75,39,"CP4",4.47348520951383,73,324,FALSE
"P60","positive",50,75,40,"PO3",3.30833012383836,71,322,FALSE
"P60","positive",50,75,41,"PO4",0.383325275847085,66,317,FALSE
"P60","positive",50,75,42,"F5",2.52541754246566,73,324,FALSE
"P60","positive",50,75,43,"F6",3.33350804717021,69,320,FALSE
"P60","positive",50,75,44,"C5",2.09231667532504,51,302,FALSE
"P60","positive",50,75,45,"C6",0.834104708108748,68,319,FALSE
"P60","positive",50,75,46,"P5",2.34900052031303,62,313,FALSE
"P60","positive",50,75,47,"P6",-0.42993897524176,70,321,FALSE
"P60","positive",50,75,48,"AF7",2.77688676705125,66,317,FALSE
"P60","positive",50,75,49,"AF8",1.56889193334445,67,318,FALSE
"P60","positive",50,75,50,"FT7",2.04420115867935,55,306,FALSE
"P60","positive",50,75,51,"FT8",-0.0483221304824463,57,308,FALSE
"P60","positive",50,75,52,"TP7",3.44978932841193,64,315,FALSE
"P60","positive",50,75,53,"TP8",1.78088923548794,65,316,FALSE
"P60","positive",50,75,54,"PO7",1.85922347842936,57,308,FALSE
"P60","positive",50,75,55,"PO8",1.30442140356576,67,318,FALSE
"P60","positive",50,75,56,"Fpz",2.75857691867074,57,308,FALSE
"P60","positive",50,75,57,"CPz",4.1733711836116,70,321,FALSE
"P60","positive",50,75,58,"POz",1.55566670495571,50,301,TRUE
"P60","positive",50,75,59,"Oz",1.60861860947197,71,322,FALSE
"N100","negative",80,140,1,"FP1",-2.90329017649655,92,343,FALSE
"N100","negative",80,140,2,"FP2",-1.52530460246205,139,390,FALSE
"N100","negative",80,140,3,"F3",-2.43140469056976,104,355,FALSE
"N100","negative",80,140,4,"F4",-1.41239960895006,126,377,FALSE
"N100","negative",80,140,5,"C4",-3.83700686566,91,342,FALSE
"N100","negative",80,140,6,"P3",-1.61164376165448,84,335,FALSE
"N100","negative",80,140,7,"P4",-3.42290257445766,130,381,FALSE
"N100","negative",80,140,8,"O1",-0.861401876696801,116,367,FALSE
"N100","negative",80,140,9,"O2",-6.38829877905911,123,374,FALSE
"N100","negative",80,140,10,"F7",-1.1261737378375,130,381,FALSE
"N100","negative",80,140,11,"F8",-4.81260407367938,86,337,FALSE
"N100","negative",80,140,12,"T7",-2.25774530128493,131,382,FALSE
"N100","negative",80,140,13,"T8",-3.59735464317481,137,388,FALSE
"N100","negative",80,140,14,"P7",-0.946368430734405,109,360,FALSE
"N100","negative",80,140,15,"P8",-5.59587253511684,83,334,FALSE
"N100","negative",80,140,16,"Fz",-4.30970316732832,90,341,FALSE
"N100","negative",80,140,17,"Cz",-1.87592233013183,81,332,FALSE
"N100","negative",80,140,18,"Pz",-1.98218055307987,120,371,FALSE
"N100","negative",80,140,19,"Iz",-2.00718372514879,120,371,FALSE
"N100","negative",80,140,20,"FC1",-2.77879689706972,128,379,FALSE
"N100","negative",80,140,21,"FC2",-1.94926057406246,99,350,FALSE
"N100","negative",80,140,22,"CP2",-1.45789253269798,80,331,TRUE
"N100","negative",80,140,23,"FC5",-0.766921056719329,85,336,FALSE
"N100","negative",80,140,24,"FC6",-3.19272065222022,108,359,FALSE
"N100","negative",80,140,25,"CP5",-1.26216388431107,109,360,FALSE
"N100","negative",80,140,26,"CP6",-3.42872177617076,129,380,FALSE
"N100","negative",80,140,27,"TP9",-2.10366856368108,137,388,FALSE
"N100","negative",80,140,28,"TP10",-3.48033859032612,89,340,FALSE
"N100","negative",80,140,29,"F1",-1.68021935710637,112,363,FALSE
"N100","negative",80,140,30,"F2",-6.0270583398674,139,390,FALSE
"N100","negative",80,140,31,"C2",-0.924947366710918,83,334,FALSE
"N100","negative",80,140,32,"P1",-3.93037103839275,115,366,FALSE
"N100","negative",80,140,33,"P2",-4.15363840337671,114,365,FALSE
"N100","negative",80,140,34,"AF3",-2.5385538494585,121,372,FALSE
"N100","negative",80,140,35,"AF4",-0.233548493072945,115,366,FALSE
"N100","negative",80,140,36,"FC3",-3.3543449649528,127,378,FALSE
"N100","negative",80,140,37,"FC4",-3.43931378756979,132,383,FALSE
"N100","negative",80,140,38,"CP3",-1.56832887286112,85,336,FALSE
"N100","negative",80,140,39,"CP4",-0.00536435355084748,122,373,FALSE
"N100","negative",80,140,40,"PO3",0.333699635258893,99,350,FALSE
"N100","negative",80,140,41,"PO4",-2.47391823713356,111,362,FALSE
"N100","negative",80,140,42,"F5",-1.91889961112725,118,369,FALSE
"N100","negative",80,140,43,"F6",0.290681163017226,135,386,FALSE
"N100","negative",80,140,44,"C5",-1.94907558591187,137,388,FALSE
"N100","negative",80,140,45,"C6",-3.67004016349867,125,376,FALSE
"N100","negative",80,140,46,"P5",-1.99714651196774,132,383,FALSE
"N100","negative",80,140,47,"P6",-4.5370634996563,93,344,FALSE
"N100","negative",80,140,48,"AF7",-0.809736382140094,84,335,FALSE
"N100","negative",80,140,49,"AF8",-3.37895009547954,139,390,FALSE
"N100","negative",80,140,50,"FT7",-1.91539653654216,97,348,FALSE
"N100","negative",80,140,51,"FT8",-3.95030762834517,122,373,FALSE
"N100","negative",80,140,52,"TP7",-0.655021872261447,136,387,FALSE
"N100","negative",80,140,53,"TP8",-2.3669070958581,128,379,FALSE
"N100","negative",80,140,54,"PO7",-2.80863045077241,94,345,FALSE
"N100","negative",80,140,55,"PO8",-1.45521684998397,93,344,FALSE
"N100","negative",80,140,56,"Fpz",0.0503815394930129,93,344,FALSE
"N100","negative",80,140,57,"CPz",0.14421778405721,84,335,FALSE
"N100","negative",80,140,58,"POz",-2.22597188285687,112,363,FALSE
"N100","negative",80,140,59,"Oz",-1.76342307717716,119,370,FALSE
"P180","positive",140,220,1,"FP1",4.96232240291373,161,412,FALSE
"P180","positive",140,220,2,"FP2",5.27893991845052,183,434,FALSE
"P180","positive",140,220,3,"F3",1.22301938559749,172,423,FALSE
"P180","positive",140,220,4,"F4",3.15903155042704,197,448,FALSE
"P180","positive",140,220,5,"C4",3.26372123625661,207,458,FALSE
"P180","positive",140,220,6,"P3",2.668388058757,188,439,FALSE
"P180","positive",140,220,7,"P4",-0.0233572747488165,153,404,FALSE
"P180","positive",140,220,8,"O1",3.88766363025819,202,453,FALSE
"P180","positive",140,220,9,"O2",1.17649738468643,191,442,FALSE
"P180","positive",140,220,10,"F7",2.97562208938658,203,454,FALSE
"P180","positive",140,220,11,"F8",-0.0766427312192135,185,436,FALSE
"P180","positive",140,220,12,"T7",2.1644984372372,158,409,FALSE
"P180","positive",140,220,13,"T8",0.113592309972844,165,416,FALSE
"P180","positive",140,220,14,"P7",4.54091452833938,213,464,FALSE
"P180","positive",140,220,15,"P8",2.54277859930459,153,404,FALSE
"P180","positive",140,220,16,"Fz",1.58314749031109,144,395,FALSE
"P180","positive",140,220,17,"Cz",1.73966297178398,146,397,FALSE
"P180","positive",140,220,18,"Pz",5.3712402888189,198,449,FALSE
"P180","positive",140,220,19,"Iz",3.81834093187218,169,420,FALSE
"P180","positive",140,220,20,"FC1",1.40757919188727,190,441,FALSE
"P180","positive",140,220,21,"FC2",2.56874290680037,201,452,FALSE
"P180","positive",140,220,22,"CP2",4.0377384200179,202,453,FALSE
"P180","positive",140,220,23,"FC5",3.02753454058199,150,401,FALSE
"P180","positive",140,220,24,"FC6",0.557844392610022,184,435,FALSE
"P180","positive",140,220,25,"CP5",2.8037433127372,188,439,FALSE
"P180","positive",140,220,26,"CP6",1.68611792061406,192,443,FALSE
"P180","positive",140,220,27,"TP9",2.9468218955599,166,417,FALSE
"P180","positive",140,220,28,"TP10",0.499506973424599,212,463,FALSE
"P180","positive",140,220,29,"F1",3.49905494824099,180,431,FALSE
"P180","positive",140,220,30,"F2",-1.50001632611296,207,458,FALSE
"P180","positive",140,220,31,"C2",4.07677408342916,170,421,FALSE
"P180","positive",140,220,32,"P1",0.561402658248377,207,458,FALSE
"P180","positive",140,220,33,"P2",1.55187023467867,200,451,FALSE
"P180","positive",140,220,34,"AF3",1.82301335095758,166,417,FALSE
"P180","positive",140,220,35,"AF4",4.64132184272204,201,452,FALSE
"P180","positive",140,220,36,"FC3",1.76279153952347,170,421,FALSE
"P180","positive",140,220,37,"FC4",1.05497839265795,213,464,FALSE
"P180","positive",140,220,38,"CP3",1.7921086145772,209,460,FALSE
"P180","positive",140,220,39,"CP4",3.14859329481336,165,416,FALSE
"P180","positive",140,220,40,"PO3",5.7387515198542,151,402,FALSE
"P180","positive",140,220,41,"PO4",1.72512162921952,187,438,FALSE
"P180","positive",140,220,42,"F5",2.62882808239075,165,416,FALSE
"P180","positive",140,220,43,"F6",3.69115596874979,146,397,FALSE
"P180","positive",140,220,44,"C5",4.03240234602471,206,457,FALSE
"P180","positive",140,220,45,"C6",1.8799016458029,218,469,FALSE
"P180","positive",140,220,46,"P5",2.95442208995843,181,432,FALSE
"P180","positive",140,220,47,"P6",2.49278716098072,206,457,FALSE
"P180","positive",140,220,48,"AF7",2.4974262071417,177,428,FALSE
"P180","positive",140,220,49,"AF8",0.0805402822868532,176,427,FALSE
"P180","positive",140,220,50,"FT7",2.38485673355244,189,440,FALSE
"P180","positive",140,220,51,"FT8",1.22511550486977,193,444,FALSE
"P180","positive",140,220,52,"TP7",4.4367926080383,197,448,FALSE
"P180","positive",140,220,53,"TP8",1.29867146346853,171,422,FALSE
"P180","positive",140,220,54,"PO7",0.521832018931423,213,464,FALSE
"P180","positive",140,220,55,"PO8",1.92304059178507,176,427,FALSE
"P180","positive",140,220,56,"Fpz",3.85110077145617,212,463,FALSE
"P180","positive",140,220,57,"CPz",5.90165073958551,205,456,FALSE
"P180","positive",140,220,58,"POz",1.36171491240016,141,392,FALSE
"P180","positive",140,220,59,"Oz",2.89034058718766,190,441,FALSE
