"pct_cycle","joint","id","reference"
0,"ankle",0.10888,0.01512
1,"ankle",0.05443,0.00764
2,"ankle",-0.02232,0.00483
3,"ankle",0.04388,0.00294
4,"ankle",0.06008,-0.00037
5,"ankle",0.04944,0.00064
6,"ankle",0.08325,0.00595
7,"ankle",0.10767,0.01414
8,"ankle",0.13652,0.03049
9,"ankle",0.16275,0.05743
10,"ankle",0.19853,0.09205
11,"ankle",0.21924,0.13061
12,"ankle",0.25954,0.17096
13,"ankle",0.2976,0.21262
14,"ankle",0.32947,0.25521
15,"ankle",0.34704,0.29719
16,"ankle",0.37948,0.33671
17,"ankle",0.41616,0.37324
18,"ankle",0.43735,0.40825
19,"ankle",0.46927,0.44423
20,"ankle",0.50764,0.48297
21,"ankle",0.54577,0.52501
22,"ankle",0.5529,0.56959
23,"ankle",0.60749,0.6156
24,"ankle",0.66972,0.66296
25,"ankle",0.69106,0.71201
26,"ankle",0.73313,0.76281
27,"ankle",0.77527,0.81538
28,"ankle",0.8219,0.86982
29,"ankle",0.8547,0.92584
30,"ankle",0.90514,0.98301
31,"ankle",0.94871,1.04079
32,"ankle",1.01952,1.09896
33,"ankle",1.05639,1.15745
34,"ankle",1.10264,1.21612
35,"ankle",1.13766,1.27415
36,"ankle",1.17264,1.33073
37,"ankle",1.19791,1.38529
38,"ankle",1.23506,1.43678
39,"ankle",1.27438,1.4842
40,"ankle",1.28421,1.52687
41,"ankle",1.30727,1.56474
42,"ankle",1.31717,1.59789
43,"ankle",1.34101,1.62596
44,"ankle",1.3579,1.64858
45,"ankle",1.34483,1.66479
46,"ankle",1.33901,1.67308
47,"ankle",1.32684,1.67198
48,"ankle",1.26074,1.66046
49,"ankle",1.22533,1.63717
50,"ankle",1.17785,1.59948
51,"ankle",1.0778,1.54278
52,"ankle",0.95357,1.45968
53,"ankle",0.77465,1.34171
54,"ankle",0.5741,1.18381
55,"ankle",0.36516,0.98914
56,"ankle",0.17104,0.77129
57,"ankle",0.04878,0.55243
58,"ankle",0.02197,0.35675
59,"ankle",0.01822,0.20124
60,"ankle",-0.05232,0.0863
61,"ankle",-0.15337,0.00824
62,"ankle",-0.15147,-0.02832
63,"ankle",-0.14248,-0.03175
64,"ankle",-0.16208,-0.03197
65,"ankle",-0.11289,-0.0297
66,"ankle",-0.10444,-0.02538
67,"ankle",-0.1104,-0.02057
68,"ankle",-0.10204,-0.01676
69,"ankle",-0.09731,-0.01438
70,"ankle",-0.11219,-0.0132
71,"ankle",-0.08957,-0.01265
72,"ankle",-0.08457,-0.0122
73,"ankle",-0.05233,-0.01163
74,"ankle",-0.05551,-0.01083
75,"ankle",-0.04531,-0.01004
76,"ankle",-0.01391,-0.00967
77,"ankle",-0.02509,-0.00986
78,"ankle",-0.02083,-0.01045
79,"ankle",-0.02216,-0.0112
80,"ankle",-0.04338,-0.012
81,"ankle",-0.0251,-0.01291
82,"ankle",-0.03103,-0.0139
83,"ankle",-0.01582,-0.01499
84,"ankle",-0.01447,-0.01637
85,"ankle",0.00682,-0.01833
86,"ankle",0.00248,-0.02078
87,"ankle",0.0021,-0.02301
88,"ankle",0.01112,-0.02433
89,"ankle",0.02697,-0.02438
90,"ankle",0.01298,-0.02338
91,"ankle",0.01484,-0.02167
92,"ankle",0.0362,-0.01905
93,"ankle",0.02417,-0.01478
94,"ankle",0.03459,-0.00848
95,"ankle",0.03068,-0.00086
96,"ankle",0.0258,0.00652
97,"ankle",0.0306,0.01184
98,"ankle",0.0046,0.01361
99,"ankle",0.00385,0.01072
100,"ankle",-0.00583,0.01469
0,"knee",-0.66103,-0.33897
1,"knee",0.21603,-0.32278
2,"knee",0.0541,-0.28199
3,"knee",-0.2481,-0.212
4,"knee",-0.38424,-0.16969
5,"knee",0.23842,-0.16445
6,"knee",0.23662,-0.13415
7,"knee",0.00442,-0.04356
8,"knee",0.14108,0.05672
9,"knee",0.19966,0.12376
10,"knee",0.23686,0.16264
11,"knee",0.2074,0.18319
12,"knee",0.18718,0.19119
13,"knee",0.14695,0.18952
14,"knee",0.14282,0.17772
15,"knee",0.10036,0.15683
16,"knee",0.08192,0.12987
17,"knee",0.05783,0.09997
18,"knee",0.01938,0.06945
19,"knee",0.00301,0.03901
20,"knee",-0.04124,0.00726
21,"knee",-0.08061,-0.02791
22,"knee",-0.07763,-0.06621
23,"knee",-0.12748,-0.10521
24,"knee",-0.17363,-0.14325
25,"knee",-0.19078,-0.18023
26,"knee",-0.20349,-0.21699
27,"knee",-0.26846,-0.2539
28,"knee",-0.29302,-0.29015
29,"knee",-0.29729,-0.32629
30,"knee",-0.32859,-0.36295
31,"knee",-0.38123,-0.39911
32,"knee",-0.41899,-0.43402
33,"knee",-0.42616,-0.46744
34,"knee",-0.47141,-0.49885
35,"knee",-0.47641,-0.52779
36,"knee",-0.4743,-0.55426
37,"knee",-0.50434,-0.57872
38,"knee",-0.52274,-0.60117
39,"knee",-0.56788,-0.62111
40,"knee",-0.56785,-0.63719
41,"knee",-0.54238,-0.64799
42,"knee",-0.55141,-0.65196
43,"knee",-0.53956,-0.64774
44,"knee",-0.5309,-0.63443
45,"knee",-0.47661,-0.61154
46,"knee",-0.46636,-0.58032
47,"knee",-0.43056,-0.54282
48,"knee",-0.36949,-0.50082
49,"knee",-0.33291,-0.45591
50,"knee",-0.30921,-0.40902
51,"knee",-0.25831,-0.35984
52,"knee",-0.19423,-0.30789
53,"knee",-0.11318,-0.25234
54,"knee",-0.04651,-0.19264
55,"knee",0.04083,-0.13026
56,"knee",0.07565,-0.07145
57,"knee",-0.02924,-0.02783
58,"knee",-0.03294,-0.00865
59,"knee",0.0349,-0.00864
60,"knee",0.1027,-0.01206
61,"knee",0.14305,-0.00812
62,"knee",0.14293,0.01159
63,"knee",0.13533,0.03738
64,"knee",0.15037,0.05836
65,"knee",0.14962,0.07068
66,"knee",0.1458,0.07517
67,"knee",0.11796,0.07284
68,"knee",0.09922,0.0647
69,"knee",0.09597,0.05292
70,"knee",0.10097,0.04088
71,"knee",0.08982,0.03043
72,"knee",0.0689,0.02204
73,"knee",0.02331,0.01565
74,"knee",0.02055,0.01037
75,"knee",-0.01374,0.00561
76,"knee",-0.0194,0.00162
77,"knee",0.00073,-0.00144
78,"knee",0.00221,-0.00413
79,"knee",0.00416,-0.00773
80,"knee",-0.00032,-0.01272
81,"knee",0.00325,-0.01913
82,"knee",-0.0377,-0.0261
83,"knee",-0.00223,-0.03259
84,"knee",-0.03753,-0.03781
85,"knee",-0.0454,-0.0416
86,"knee",-0.03253,-0.04509
87,"knee",-0.0507,-0.04987
88,"knee",-0.08214,-0.05764
89,"knee",-0.11441,-0.0709
90,"knee",-0.11872,-0.09237
91,"knee",-0.1781,-0.12208
92,"knee",-0.2115,-0.158
93,"knee",-0.2088,-0.19718
94,"knee",-0.27277,-0.23799
95,"knee",-0.33905,-0.28076
96,"knee",-0.35089,-0.32334
97,"knee",-0.2954,-0.35519
98,"knee",-0.1943,-0.35769
99,"knee",-0.18378,-0.30874
100,"knee",-0.20954,-0.34052
0,"hip",-1.58207,-0.54352
1,"hip",0.15186,-0.64792
2,"hip",-0.46317,-0.70979
3,"hip",-0.77655,-0.68267
4,"hip",-0.65658,-0.66203
5,"hip",0.21917,-0.68101
6,"hip",-0.34567,-0.68605
7,"hip",-1.16651,-0.67782
8,"hip",-1.01427,-0.73789
9,"hip",-0.87722,-0.86604
10,"hip",-0.70512,-0.97359
11,"hip",-0.56988,-1.00505
12,"hip",-0.39955,-0.95072
13,"hip",-0.39268,-0.83766
14,"hip",-0.47096,-0.72062
15,"hip",-0.62968,-0.64385
16,"hip",-0.57736,-0.61625
17,"hip",-0.47404,-0.61372
18,"hip",-0.45493,-0.60305
19,"hip",-0.37059,-0.5676
20,"hip",-0.35047,-0.51377
21,"hip",-0.34106,-0.45863
22,"hip",-0.31091,-0.41401
23,"hip",-0.29409,-0.38199
24,"hip",-0.31443,-0.35929
25,"hip",-0.29768,-0.34363
26,"hip",-0.24557,-0.3352
27,"hip",-0.34515,-0.32969
28,"hip",-0.29834,-0.31845
29,"hip",-0.28097,-0.30155
30,"hip",-0.25692,-0.28603
31,"hip",-0.33196,-0.27201
32,"hip",-0.34464,-0.25739
33,"hip",-0.28129,-0.24531
34,"hip",-0.37901,-0.23655
35,"hip",-0.3251,-0.23118
36,"hip",-0.31578,-0.22755
37,"hip",-0.35094,-0.22329
38,"hip",-0.3344,-0.21567
39,"hip",-0.37978,-0.20291
40,"hip",-0.34853,-0.18439
41,"hip",-0.24177,-0.16011
42,"hip",-0.26918,-0.13096
43,"hip",-0.18969,-0.09942
44,"hip",-0.22419,-0.0666
45,"hip",-0.14431,-0.03144
46,"hip",-0.16632,0.00439
47,"hip",-0.14428,0.03837
48,"hip",-0.11944,0.06915
49,"hip",-0.08276,0.09408
50,"hip",-0.09817,0.10994
51,"hip",-0.10963,0.11711
52,"hip",-0.05318,0.11668
53,"hip",0.1803,0.1185
54,"hip",0.21685,0.1383
55,"hip",0.21954,0.17942
56,"hip",0.36224,0.22353
57,"hip",0.16294,0.24235
58,"hip",0.22011,0.22287
59,"hip",0.32902,0.18261
60,"hip",0.35957,0.15703
61,"hip",0.29532,0.15362
62,"hip",0.25639,0.16971
63,"hip",0.26693,0.18249
64,"hip",0.24531,0.19316
65,"hip",0.29805,0.19818
66,"hip",0.20724,0.19399
67,"hip",0.1874,0.17992
68,"hip",0.1802,0.15935
69,"hip",0.19378,0.13708
70,"hip",0.20376,0.11815
71,"hip",0.24368,0.10283
72,"hip",0.17424,0.08838
73,"hip",0.10006,0.07189
74,"hip",0.11795,0.05103
75,"hip",0.05702,0.02849
76,"hip",0.05575,0.01176
77,"hip",0.08774,0.00548
78,"hip",0.08324,0.00577
79,"hip",0.10331,0.00519
80,"hip",0.06448,0.00053
81,"hip",0.08971,-0.00837
82,"hip",-0.0112,-0.01901
83,"hip",0.08442,-0.0279
84,"hip",0.00723,-0.03197
85,"hip",0.01791,-0.03009
86,"hip",0.05915,-0.02464
87,"hip",0.02614,-0.01863
88,"hip",-0.02434,-0.01587
89,"hip",-0.07915,-0.02252
90,"hip",-0.07239,-0.04518
91,"hip",-0.15508,-0.08395
92,"hip",-0.12213,-0.13544
93,"hip",-0.08628,-0.19243
94,"hip",-0.1379,-0.24907
95,"hip",-0.30812,-0.30456
96,"hip",-0.33457,-0.36132
97,"hip",-0.19544,-0.41246
98,"hip",-0.06923,-0.43346
99,"hip",-0.20637,-0.39037
100,"hip",-0.45181,-0.54393
