"record","n_ref","n_det","TP","FP","FN","Se","PPV","F1","difficulty"
"115",1953,1953,1953,0,0,1,1,1,"clean"
"100",2273,2272,2271,1,2,0.9991,0.9996,0.9993,"clean"
"234",2753,2749,2749,0,4,0.9985,1,0.9993,"clean"
"117",1535,1536,1534,2,1,0.9993,0.9987,0.999,"clean"
"103",2084,2078,2078,0,6,0.9971,1,0.9986,"clean"
"214",2262,2255,2235,20,27,0.9881,0.9911,0.9896,"moderate"
"105",2572,2610,2547,63,25,0.9903,0.9759,0.983,"moderate"
"203",2980,2768,2415,353,565,0.8104,0.8725,0.8403,"noisy"
"GROSS",18412,18221,17782,439,630,0.9658,0.9759,0.9708,"pooled"
